Date, MaxTemperature, MinTemperature, Precipitation, Snowfall, SnowDepth
1941-01-01,77,57,0, M, M
1941-01-02,77,58,0, M, M
1941-01-03,71,60, T, M, M
1941-01-04,69,51, T, M, M
1941-01-05,68,44,0.21, M, M
1941-01-06,63,44,0.26, M, M
1941-01-07,67,54, T, M, M
1941-01-08,66,53,0, M, M
1941-01-09,67,52,0, M, M
1941-01-10,57,46,0, M, M
1941-01-11,62,45,0, M, M
1941-01-12,65,41,0, M, M
1941-01-13,65,40,0, M, M
1941-01-14,70,44,0, M, M
1941-01-15,70,55,0.96, M, M
1941-01-16,69,59,0.74, M, M
1941-01-17,66,59,1.02, M, M
1941-01-18,59,55,0.2, M, M
1941-01-19,57,43, T, M, M
1941-01-20,60,38,0, M, M
1941-01-21,70,44,0, M, M
1941-01-22,74,53,0, M, M
1941-01-23,72,58,0.15, M, M
1941-01-24,75,62, T, M, M
1941-01-25,75,60, T, M, M
1941-01-26,77,55,0, M, M
1941-01-27,75,57, T, M, M
1941-01-28,66,51,0, M, M
1941-01-29,64,45,0, M, M
1941-01-30,68,42,0, M, M
1941-01-31,68,46,0, M, M
1941-02-01,70,51,0, M, M
1941-02-02,67,55, T, M, M
1941-02-03,69,53,0.27, M, M
1941-02-04,62,42,0, M, M
1941-02-05,66,45,0, M, M
1941-02-06,61,51,0.53, M, M
1941-02-07,70,55,0.7, M, M
1941-02-08,64,44,0.4, M, M
1941-02-09,50,42,0.06, M, M
1941-02-10,59,38,0, M, M
1941-02-11,66,41,0, M, M
1941-02-12,69,49,0, M, M
1941-02-13,74,49,0, M, M
1941-02-14,67,51,0.14, M, M
1941-02-15,63,43,0, M, M
1941-02-16,69,44,0, M, M
1941-02-17,70,46,0, M, M
1941-02-18,65,48,0, M, M
1941-02-19,71,44,0, M, M
1941-02-20,70,54, T, M, M
1941-02-21,69,51, T, M, M
1941-02-22,67,46,0, M, M
1941-02-23,66,46,0, M, M
1941-02-24,67,48,0.57, M, M
1941-02-25,73,58,0.08, M, M
1941-02-26,71,53,0.85, M, M
1941-02-27,69,54,0.01, M, M
1941-02-28,58,45,0, M, M
1941-03-01,51,39,0, M, M
1941-03-02,64,39,0, M, M
1941-03-03,69,46,0, M, M
1941-03-04,69,58,0, M, M
1941-03-05,73,54,0, M, M
1941-03-06,73,52,0, M, M
1941-03-07,73,61,0.78, M, M
1941-03-08,65,56,1.82, M, M
1941-03-09,60,50,0.01, M, M
1941-03-10,70,49,0, M, M
1941-03-11,72,57,0, M, M
1941-03-12,72,53,0, M, M
1941-03-13,70,53, T, M, M
1941-03-14,61,45,0, M, M
1941-03-15,67,41,0, M, M
1941-03-16,70,50,0, M, M
1941-03-17,75,60,0, M, M
1941-03-18,63,53,0, M, M
1941-03-19,72,49,0, M, M
1941-03-20,74,60, T, M, M
1941-03-21,75,65,0, M, M
1941-03-22,67,60,0.24, M, M
1941-03-23,78,58,0, M, M
1941-03-24,78,61, T, M, M
1941-03-25,73,60,0.01, M, M
1941-03-26,77,62,0.36, M, M
1941-03-27,71,62,0, M, M
1941-03-28,69,58,0, M, M
1941-03-29,66,53, T, M, M
1941-03-30,70,47,0, M, M
1941-03-31,73,53,1.18, M, M
1941-04-01,73,62,0, M, M
1941-04-02,78,56,0, M, M
1941-04-03,69,59,3.33, M, M
1941-04-04,76,62,0.95, M, M
1941-04-05,76,62,0.01, M, M
1941-04-06,76,58,0, M, M
1941-04-07,78,55,0.78, M, M
1941-04-08,77,64, T, M, M
1941-04-09,82,62,0, M, M
1941-04-10,81,64,0, M, M
1941-04-11,81,64,0, M, M
1941-04-12,80,62, T, M, M
1941-04-13,79,61,0, M, M
1941-04-14,80,58,0, M, M
1941-04-15,80,60,0, M, M
1941-04-16,80,60,0, M, M
1941-04-17,83,64,0, M, M
1941-04-18,85,67,0, M, M
1941-04-19,84,66,0, M, M
1941-04-20,85,66,0, M, M
1941-04-21,87,67,0, M, M
1941-04-22,87,69,0, M, M
1941-04-23,83,66, T, M, M
1941-04-24,83,68,0, M, M
1941-04-25,84,70,0.06, M, M
1941-04-26,82,63,0, M, M
1941-04-27,83,61,0, M, M
1941-04-28,75,64,0, M, M
1941-04-29,76,67,0.03, M, M
1941-04-30,79,63,0.03, M, M
1941-05-01,82,60,0, M, M
1941-05-02,83,58,0, M, M
1941-05-03,86,63,0, M, M
1941-05-04,83,68,0, M, M
1941-05-05,81,63,0, M, M
1941-05-06,83,63,0, M, M
1941-05-07,80,72,0.15, M, M
1941-05-08,88,73,0.01, M, M
1941-05-09,91,70,0, M, M
1941-05-10,91,70,0, M, M
1941-05-11,84,63,0, M, M
1941-05-12,81,64,0, M, M
1941-05-13,81,65,0, M, M
1941-05-14,81,58,0, M, M
1941-05-15,85,61,0, M, M
1941-05-16,86,63,0, M, M
1941-05-17,85,66,0, M, M
1941-05-18,83,69,0, M, M
1941-05-19,89,66,0, M, M
1941-05-20,89,70, T, M, M
1941-05-21,88,65,0, M, M
1941-05-22,88,65,0, M, M
1941-05-23,89,64,0, M, M
1941-05-24,89,70,0, M, M
1941-05-25,88,68,0, M, M
1941-05-26,89,70,0, M, M
1941-05-27,91,69,0, M, M
1941-05-28,91,70,0, M, M
1941-05-29,90,67,0, M, M
1941-05-30,86,70,0, M, M
1941-05-31,89,69,0, M, M
1941-06-01,88,69,0, M, M
1941-06-02,84,69,0, M, M
1941-06-03,87,70,0, M, M
1941-06-04,88,72,0, M, M
1941-06-05,89,76,0, M, M
1941-06-06,90,76,0, M, M
1941-06-07,92,72,0, M, M
1941-06-08,95,74,0, M, M
1941-06-09,95,78,0, M, M
1941-06-10,93,77,0, M, M
1941-06-11,92,79,0, M, M
1941-06-12,92,78,0, M, M
1941-06-13,92,76,0, M, M
1941-06-14,91,74,0.2, M, M
1941-06-15,92,75,0, M, M
1941-06-16,90,72,0.57, M, M
1941-06-17,87,73,0.13, M, M
1941-06-18,86,71,0.69, M, M
1941-06-19,83,73, T, M, M
1941-06-20,90,73,0.21, M, M
1941-06-21,87,72,1.13, M, M
1941-06-22,87,73,0.4, M, M
1941-06-23,86,74,0.19, M, M
1941-06-24,89,77, T, M, M
1941-06-25,90,79,0, M, M
1941-06-26,88,77,0, M, M
1941-06-27,90,78,0, M, M
1941-06-28,89,77, T, M, M
1941-06-29,85,71,3.54, M, M
1941-06-30,86,74, T, M, M
1941-07-01,87,74,0.18, M, M
1941-07-02,90,70,1.02, M, M
1941-07-03,90,75, T, M, M
1941-07-04,88,75,0.13, M, M
1941-07-05,87,76,0.05, M, M
1941-07-06,86,75, T, M, M
1941-07-07,80,73,1.03, M, M
1941-07-08,87,77,0.04, M, M
1941-07-09,88,76,0.11, M, M
1941-07-10,90,78,0.16, M, M
1941-07-11,88,76,0.2, M, M
1941-07-12,90,78,0.05, M, M
1941-07-13,89,78,0.08, M, M
1941-07-14,89,74,0.46, M, M
1941-07-15,84,77,0.65, M, M
1941-07-16,87,75,0.23, M, M
1941-07-17,86,78,0.04, M, M
1941-07-18,89,77, T, M, M
1941-07-19,87,79,0, M, M
1941-07-20,91,79,0.01, M, M
1941-07-21,93,76,0, M, M
1941-07-22,93,76, T, M, M
1941-07-23,92,74,0.21, M, M
1941-07-24,85,74,0.12, M, M
1941-07-25,83,71,0.84, M, M
1941-07-26,85,74,0.08, M, M
1941-07-27,90,77,0, M, M
1941-07-28,91,77,0.2, M, M
1941-07-29,92,77,0, M, M
1941-07-30,92,80,0, M, M
1941-07-31,92,81,0, M, M
1941-08-01,91,81,0, M, M
1941-08-02,93,80,0, M, M
1941-08-03,92,81,0, M, M
1941-08-04,94,79,0, M, M
1941-08-05,91,78,0, M, M
1941-08-06,89,72,0.16, M, M
1941-08-07,89,77,0, M, M
1941-08-08,94,77,0.02, M, M
1941-08-09,95,77,0, M, M
1941-08-10,94,80,0, M, M
1941-08-11,95,78, T, M, M
1941-08-12,94,78,0, M, M
1941-08-13,94,80, T, M, M
1941-08-14,95,77,0.63, M, M
1941-08-15,93,76,0.79, M, M
1941-08-16,91,76,1.22, M, M
1941-08-17,92,78,0, M, M
1941-08-18,90,80, T, M, M
1941-08-19,87,78,0.02, M, M
1941-08-20,93,80,0, M, M
1941-08-21,92,78, T, M, M
1941-08-22,89,77,0.09, M, M
1941-08-23,88,76,0.11, M, M
1941-08-24,93,79,0, M, M
1941-08-25,93,78,0, M, M
1941-08-26,95,80,0, M, M
1941-08-27,94,80,0, M, M
1941-08-28,95,76,0.52, M, M
1941-08-29,90,75,0.08, M, M
1941-08-30,92,76,0.23, M, M
1941-08-31,92,77,0, M, M
1941-09-01,92,73,0.7, M, M
1941-09-02,91,75,0.01, M, M
1941-09-03,93,73,3.16, M, M
1941-09-04,93,76,0, M, M
1941-09-05,96,77,0, M, M
1941-09-06,93,79, T, M, M
1941-09-07,91,76,0.2, M, M
1941-09-08,91,76,0, M, M
1941-09-09,91,75,0.25, M, M
1941-09-10,90,74,0.2, M, M
1941-09-11,92,75,0.01, M, M
1941-09-12,86,76, T, M, M
1941-09-13,89,76,0, M, M
1941-09-14,89,75, T, M, M
1941-09-15,88,73, T, M, M
1941-09-16,88,72,0.7, M, M
1941-09-17,88,73,0.44, M, M
1941-09-18,85,74,0.27, M, M
1941-09-19,88,72,0, M, M
1941-09-20,86,73,0.03, M, M
1941-09-21,83,73,0.01, M, M
1941-09-22,89,71,0, M, M
1941-09-23,78,75,0.29, M, M
1941-09-24,85,75, T, M, M
1941-09-25,90,76,0, M, M
1941-09-26,92,74,0, M, M
1941-09-27,92,76,0, M, M
1941-09-28,92,76,0, M, M
1941-09-29,91,75,0.12, M, M
1941-09-30,89,74,0.01, M, M
1941-10-01,88,74,0, M, M
1941-10-02,87,74, T, M, M
1941-10-03,90,73, T, M, M
1941-10-04,91,75,0, M, M
1941-10-05,92,74,0, M, M
1941-10-06,85,74,0.16, M, M
1941-10-07,84,76, T, M, M
1941-10-08,89,77,0, M, M
1941-10-09,95,76,0, M, M
1941-10-10,94,79,0, M, M
1941-10-11,87,70,0, M, M
1941-10-12,87,67,0, M, M
1941-10-13,86,69,0, M, M
1941-10-14,86,66,0, M, M
1941-10-15,87,66,0, M, M
1941-10-16,86,65,0, M, M
1941-10-17,86,65,0.17, M, M
1941-10-18,83,71,1.04, M, M
1941-10-19,81,72,0.12, M, M
1941-10-20,80,74,0.37, M, M
1941-10-21,82,74,0.27, M, M
1941-10-22,84,73,0.11, M, M
1941-10-23,85,73, T, M, M
1941-10-24,88,72,0, M, M
1941-10-25,87,70,0.1, M, M
1941-10-26,86,70,0, M, M
1941-10-27,84,71,0, M, M
1941-10-28,85,77,0, M, M
1941-10-29,88,74, T, M, M
1941-10-30,88,73, T, M, M
1941-10-31,88,71,0, M, M
1941-11-01,83,74,0, M, M
1941-11-02,84,68, T, M, M
1941-11-03,80,61,0, M, M
1941-11-04,82,62,0.52, M, M
1941-11-05,81,72,0.32, M, M
1941-11-06,77,67,0.45, M, M
1941-11-07,69,54,0, M, M
1941-11-08,71,57,0.02, M, M
1941-11-09,67,53,0.09, M, M
1941-11-10,69,47,0, M, M
1941-11-11,78,56,0, M, M
1941-11-12,67,59,0.04, M, M
1941-11-13,77,60,0.19, M, M
1941-11-14,78,66,3.08, M, M
1941-11-15,73,64,0, M, M
1941-11-16,76,60,0, M, M
1941-11-17,79,56,0, M, M
1941-11-18,80,64,0, M, M
1941-11-19,82,64,0, M, M
1941-11-20,83,63,0, M, M
1941-11-21,81,63,0, M, M
1941-11-22,81,64,0, M, M
1941-11-23,85,67,0, M, M
1941-11-24,78,61,0, M, M
1941-11-25,74,54,0, M, M
1941-11-26,72,50,0, M, M
1941-11-27,76,50,0, M, M
1941-11-28,78,64, T, M, M
1941-11-29,81,64,0, M, M
1941-11-30,79,65,0.04, M, M
1941-12-01,80,66,0.01, M, M
1941-12-02,82,64,0.69, M, M
1941-12-03,80,69,0.08, M, M
1941-12-04,77,72,0.2, M, M
1941-12-05,81,70,0, M, M
1941-12-06,78,56, T, M, M
1941-12-07,72,45,0, M, M
1941-12-08,68,57,0.02, M, M
1941-12-09,61,55,0, M, M
1941-12-10,70,54,0, M, M
1941-12-11,77,51,0, M, M
1941-12-12,70,62,0.38, M, M
1941-12-13,71,65,1.92, M, M
1941-12-14,63,52,0, M, M
1941-12-15,65,47,0, M, M
1941-12-16,60,52,0.04, M, M
1941-12-17,68,50, T, M, M
1941-12-18,77,47,0, M, M
1941-12-19,74,54,0, M, M
1941-12-20,73,57,0, M, M
1941-12-21,75,52,0, M, M
1941-12-22,74,62,0, M, M
1941-12-23,72,66, T, M, M
1941-12-24,75,66,3.26, M, M
1941-12-25,78,66, T, M, M
1941-12-26,79,71,0.14, M, M
1941-12-27,82,58,0.29, M, M
1941-12-28,72,58,0.01, M, M
1941-12-29,67,48,0, M, M
1941-12-30,73,50,0, M, M
1941-12-31,75,54,0, M, M
1942-01-01,73,60,0, M, M
1942-01-02,73,67,1.63, M, M
1942-01-03,76,67,0.01, M, M
1942-01-04,75,63,0.1, M, M
1942-01-05,64,52,0.03, M, M
1942-01-06,61,45,0, M, M
1942-01-07,67,48, T, M, M
1942-01-08,61,45, T, M, M
1942-01-09,66,41,0.23, M, M
1942-01-10,52,36,0.56, M, M
1942-01-11,54,31,0, M, M
1942-01-12,63,35,0, M, M
1942-01-13,66,39,0, M, M
1942-01-14,73,44,0, M, M
1942-01-15,71,46,0, M, M
1942-01-16,68,48,0, M, M
1942-01-17,75,47,0, M, M
1942-01-18,75,58,0.04, M, M
1942-01-19,74,62,0.17, M, M
1942-01-20,66,50,0, M, M
1942-01-21,62,45,0, M, M
1942-01-22,62,45,0, M, M
1942-01-23,66,46,0, M, M
1942-01-24,68,42,0, M, M
1942-01-25,72,50,0, M, M
1942-01-26,68,56,0, M, M
1942-01-27,70,53,0.37, M, M
1942-01-28,64,53,0.01, M, M
1942-01-29,65,45,0, M, M
1942-01-30,68,49,0, M, M
1942-01-31,70,55,0.06, M, M
1942-02-01,56,46,0, M, M
1942-02-02,54,39,0, M, M
1942-02-03,60,37,0, M, M
1942-02-04,68,40,0, M, M
1942-02-05,71,51,0, M, M
1942-02-06,68,54, T, M, M
1942-02-07,66,54,0.15, M, M
1942-02-08,66,47,0, M, M
1942-02-09,73,45,0, M, M
1942-02-10,74,55, T, M, M
1942-02-11,68,56,0.45, M, M
1942-02-12,64,53,0.01, M, M
1942-02-13,65,46,0, M, M
1942-02-14,68,50, T, M, M
1942-02-15,70,57,0, M, M
1942-02-16,72,63,0, M, M
1942-02-17,76,65, T, M, M
1942-02-18,65,56,0.03, M, M
1942-02-19,58,51,0.42, M, M
1942-02-20,61,47,0.06, M, M
1942-02-21,62,38,0, M, M
1942-02-22,67,41,0, M, M
1942-02-23,65,46,1.82, M, M
1942-02-24,66,53,0.54, M, M
1942-02-25,54,45,0, M, M
1942-02-26,62,45,0, M, M
1942-02-27,58,45,0.04, M, M
1942-02-28,53,40,0, M, M
1942-03-01,61,40, T, M, M
1942-03-02,65,51,1.96, M, M
1942-03-03,58,47, T, M, M
1942-03-04,62,42,0, M, M
1942-03-05,66,52,0.72, M, M
1942-03-06,66,51,0.1, M, M
1942-03-07,71,50,0, M, M
1942-03-08,74,59,0.55, M, M
1942-03-09,62,50,0.03, M, M
1942-03-10,68,46,0, M, M
1942-03-11,77,52,0, M, M
1942-03-12,78,55,0, M, M
1942-03-13,79,60,0, M, M
1942-03-14,80,66,0.1, M, M
1942-03-15,81,66,0, M, M
1942-03-16,80,68,0, M, M
1942-03-17,80,69,0, M, M
1942-03-18,75,62,1.58, M, M
1942-03-19,73,53,0, M, M
1942-03-20,79,58,0, M, M
1942-03-21,80,69, T, M, M
1942-03-22,70,55, T, M, M
1942-03-23,73,52,0, M, M
1942-03-24,78,56,0, M, M
1942-03-25,78,58,0, M, M
1942-03-26,79,61, T, M, M
1942-03-27,73,67,0.57, M, M
1942-03-28,72,56, T, M, M
1942-03-29,68,50,0, M, M
1942-03-30,66,52,0.04, M, M
1942-03-31,73,58,0.03, M, M
1942-04-01,68,52,0, M, M
1942-04-02,72,49,0, M, M
1942-04-03,78,52,0, M, M
1942-04-04,81,59,0, M, M
1942-04-05,81,58,0, M, M
1942-04-06,82,60,0, M, M
1942-04-07,84,65,0, M, M
1942-04-08,84,67,0, M, M
1942-04-09,81,69,0, M, M
1942-04-10,75,65,0.12, M, M
1942-04-11,73,61,0, M, M
1942-04-12,76,58,0, M, M
1942-04-13,79,53,0, M, M
1942-04-14,81,62, T, M, M
1942-04-15,82,65,0.03, M, M
1942-04-16,81,66,1.4, M, M
1942-04-17,72,64,0.09, M, M
1942-04-18,80,62,0, M, M
1942-04-19,83,61,0, M, M
1942-04-20,82,64,0, M, M
1942-04-21,80,60,0, M, M
1942-04-22,81,62,0, M, M
1942-04-23,79,58,0, M, M
1942-04-24,81,58,0, M, M
1942-04-25,83,58,0, M, M
1942-04-26,83,60,0, M, M
1942-04-27,88,62,0, M, M
1942-04-28,86,64,0, M, M
1942-04-29,88,64,0, M, M
1942-04-30,84,68, T, M, M
1942-05-01,85,66,0, M, M
1942-05-02,84,64,0, M, M
1942-05-03,86,64,0, M, M
1942-05-04,85,65,0, M, M
1942-05-05,87,69,0, M, M
1942-05-06,88,67,0, M, M
1942-05-07,86,67,0, M, M
1942-05-08,85,68,0, M, M
1942-05-09,82,64,0, M, M
1942-05-10,88,61,0, M, M
1942-05-11,88,68,0.01, M, M
1942-05-12,88,68,0, M, M
1942-05-13,87,65,0.37, M, M
1942-05-14,84,73, T, M, M
1942-05-15,83,70,0.45, M, M
1942-05-16,87,70,0, M, M
1942-05-17,91,70,0, M, M
1942-05-18,92,70,0, M, M
1942-05-19,88,72,0, M, M
1942-05-20,89,68,0, M, M
1942-05-21,83,71,0, M, M
1942-05-22,86,70,0, M, M
1942-05-23,86,72,0, M, M
1942-05-24,88,71,0, M, M
1942-05-25,88,70,0, M, M
1942-05-26,90,71,0, M, M
1942-05-27,86,68,0, M, M
1942-05-28,90,72,0, M, M
1942-05-29,83,68,0.06, M, M
1942-05-30,87,70,0.28, M, M
1942-05-31,88,70,0.06, M, M
1942-06-01,90,69, T, M, M
1942-06-02,83,70,0.35, M, M
1942-06-03,81,70,1.13, M, M
1942-06-04,87,70, T, M, M
1942-06-05,90,70, T, M, M
1942-06-06,91,72, T, M, M
1942-06-07,91,72,0.12, M, M
1942-06-08,85,74,0.3, M, M
1942-06-09,85,76,2.08, M, M
1942-06-10,84,75,0.07, M, M
1942-06-11,89,78, T, M, M
1942-06-12,89,77, T, M, M
1942-06-13,91,77,0, M, M
1942-06-14,91,78, T, M, M
1942-06-15,91,76,0, M, M
1942-06-16,95,74,0.01, M, M
1942-06-17,94,73,0, M, M
1942-06-18,93,76,0, M, M
1942-06-19,89,77,0, M, M
1942-06-20,92,76,0.14, M, M
1942-06-21,88,76, T, M, M
1942-06-22,87,76,0.03, M, M
1942-06-23,88,73,0.17, M, M
1942-06-24,85,74,1.16, M, M
1942-06-25,90,76,0.08, M, M
1942-06-26,90,72, T, M, M
1942-06-27,85,73,0.1, M, M
1942-06-28,87,72,0.75, M, M
1942-06-29,90,74,0.12, M, M
1942-06-30,91,73,0.19, M, M
1942-07-01,90,75, T, M, M
1942-07-02,89,77, T, M, M
1942-07-03,95,76,0.08, M, M
1942-07-04,93,75,0.02, M, M
1942-07-05,95,74,0, M, M
1942-07-06,91,76,0.03, M, M
1942-07-07,92,78,0, M, M
1942-07-08,93,76,0.11, M, M
1942-07-09,91,77, T, M, M
1942-07-10,94,77,0, M, M
1942-07-11,92,77, T, M, M
1942-07-12,94,76,0.01, M, M
1942-07-13,95,78,0.01, M, M
1942-07-14,88,75,0.03, M, M
1942-07-15,90,68,2.17, M, M
1942-07-16,90,75,0.03, M, M
1942-07-17,92,74, T, M, M
1942-07-18,94,76,0, M, M
1942-07-19,93,78, T, M, M
1942-07-20,98,81,0, M, M
1942-07-21,98,82,0, M, M
1942-07-22,97,80, T, M, M
1942-07-23,92,76,0.38, M, M
1942-07-24,89,74,0.62, M, M
1942-07-25,94,75,0.46, M, M
1942-07-26,91,73,1.13, M, M
1942-07-27,94,77,0, M, M
1942-07-28,93,77,0, M, M
1942-07-29,94,76,0, M, M
1942-07-30,94,80, T, M, M
1942-07-31,95,77,0.2, M, M
1942-08-01,93,73,0.39, M, M
1942-08-02,92,74, T, M, M
1942-08-03,93,76,0, M, M
1942-08-04,95,78,0, M, M
1942-08-05,94,79,0, M, M
1942-08-06,93,78,0, M, M
1942-08-07,94,77,0, M, M
1942-08-08,93,78,0, M, M
1942-08-09,93,78,0.01, M, M
1942-08-10,93,78,0, M, M
1942-08-11,85,77,0.13, M, M
1942-08-12,88,75,0.37, M, M
1942-08-13,92,75,0.11, M, M
1942-08-14,92,75,0.01, M, M
1942-08-15,94,75,0.96, M, M
1942-08-16,91,76,0.09, M, M
1942-08-17,91,76,0.19, M, M
1942-08-18,90,74,0.16, M, M
1942-08-19,92,76,0.15, M, M
1942-08-20,92,74,0.27, M, M
1942-08-21,90,77,0.29, M, M
1942-08-22,91,77,0.06, M, M
1942-08-23,91,76, T, M, M
1942-08-24,93,77,0, M, M
1942-08-25,95,73,0.39, M, M
1942-08-26,88,75, T, M, M
1942-08-27,88,73,0.14, M, M
1942-08-28,92,74,0, M, M
1942-08-29,92,75,0.19, M, M
1942-08-30,90,75,0.26, M, M
1942-08-31,85,73,0.17, M, M
1942-09-01,79,71,0.07, M, M
1942-09-02,84,72,0.01, M, M
1942-09-03,83,73,0.11, M, M
1942-09-04,80,71,1.32, M, M
1942-09-05,86,73,0.43, M, M
1942-09-06,92,73,0.1, M, M
1942-09-07,89,74,0.3, M, M
1942-09-08,92,74, T, M, M
1942-09-09,91,76,0, M, M
1942-09-10,93,75,0.04, M, M
1942-09-11,92,75,0, M, M
1942-09-12,92,73,0.35, M, M
1942-09-13,92,73,0.13, M, M
1942-09-14,92,75,0, M, M
1942-09-15,92,75,0, M, M
1942-09-16,94,76,0, M, M
1942-09-17,95,77,0.24, M, M
1942-09-18,93,76,0.01, M, M
1942-09-19,93,77,0, M, M
1942-09-20,94,80, T, M, M
1942-09-21,95,80,0, M, M
1942-09-22,90,77,0, M, M
1942-09-23,90,78,0, M, M
1942-09-24,85,76,0.04, M, M
1942-09-25,90,73,0.62, M, M
1942-09-26,89,75,0.04, M, M
1942-09-27,86,78,0.11, M, M
1942-09-28,88,74,0.01, M, M
1942-09-29,80,73, T, M, M
1942-09-30,84,68,0, M, M
1942-10-01,84,65,0, M, M
1942-10-02,86,64,0, M, M
1942-10-03,87,68,0, M, M
1942-10-04,86,69,0, M, M
1942-10-05,87,68,0, M, M
1942-10-06,84,69,0.01, M, M
1942-10-07,85,68,0, M, M
1942-10-08,85,66,0.02, M, M
1942-10-09,86,67,0, M, M
1942-10-10,84,68,0, M, M
1942-10-11,82,63,0, M, M
1942-10-12,84,63,0, M, M
1942-10-13,84,64,0, M, M
1942-10-14,82,63,0, M, M
1942-10-15,84,64,0, M, M
1942-10-16,87,64,0, M, M
1942-10-17,88,66,0, M, M
1942-10-18,86,66,0, M, M
1942-10-19,86,67,0, M, M
1942-10-20,86,66,0, M, M
1942-10-21,84,67,0, M, M
1942-10-22,81,74, T, M, M
1942-10-23,87,71,0, M, M
1942-10-24,87,69,0, M, M
1942-10-25,88,68,0, M, M
1942-10-26,86,71, T, M, M
1942-10-27,75,58,0, M, M
1942-10-28,82,56,0, M, M
1942-10-29,83,65,0, M, M
1942-10-30,84,64,0, M, M
1942-10-31,85,65,0, M, M
1942-11-01,82,66,0, M, M
1942-11-02,81,62,0, M, M
1942-11-03,80,58,0, M, M
1942-11-04,81,61,0, M, M
1942-11-05,82,62, T, M, M
1942-11-06,84,68,0, M, M
1942-11-07,85,69, T, M, M
1942-11-08,85,67,0, M, M
1942-11-09,85,68,0, M, M
1942-11-10,87,69,0, M, M
1942-11-11,79,58,0, M, M
1942-11-12,70,49,0, M, M
1942-11-13,72,49,0, M, M
1942-11-14,75,54,0, M, M
1942-11-15,76,55,0, M, M
1942-11-16,80,60,0, M, M
1942-11-17,81,63,0, M, M
1942-11-18,83,65, T, M, M
1942-11-19,79,62,0, M, M
1942-11-20,82,61,0, M, M
1942-11-21,85,63,0, M, M
1942-11-22,85,64,0, M, M
1942-11-23,77,65,0, M, M
1942-11-24,72,59, T, M, M
1942-11-25,69,49,0, M, M
1942-11-26,72,53,0, M, M
1942-11-27,68,49,0, M, M
1942-11-28,74,44,0, M, M
1942-11-29,81,57,0, M, M
1942-11-30,75,67,0.1, M, M
1942-12-01,75,68,0.27, M, M
1942-12-02,73,56, T, M, M
1942-12-03,76,50,0, M, M
1942-12-04,75,60,0, M, M
1942-12-05,80,64, T, M, M
1942-12-06,79,68,0.12, M, M
1942-12-07,77,70,0.05, M, M
1942-12-08,73,65,0.47, M, M
1942-12-09,70,56,0, M, M
1942-12-10,76,55,0.23, M, M
1942-12-11,75,67,0.17, M, M
1942-12-12,68,60,0.07, M, M
1942-12-13,62,50,0, M, M
1942-12-14,58,42,0, M, M
1942-12-15,69,43,0, M, M
1942-12-16,68,44,0.2, M, M
1942-12-17,59,36,0, M, M
1942-12-18,69,43,0, M, M
1942-12-19,75,46,0, M, M
1942-12-20,75,50,0, M, M
1942-12-21,71,50,0, M, M
1942-12-22,73,56,0, M, M
1942-12-23,76,62,0, M, M
1942-12-24,76,64, T, M, M
1942-12-25,83,61,0, M, M
1942-12-26,80,64, T, M, M
1942-12-27,79,68,0, M, M
1942-12-28,77,67,0.13, M, M
1942-12-29,70,59,1.19, M, M
1942-12-30,66,56,0, M, M
1942-12-31,65,47,0, M, M
1943-01-01,70,49,0, M, M
1943-01-02,75,48,0, M, M
1943-01-03,78,55,0, M, M
1943-01-04,76,55,0, M, M
1943-01-05,58,40,0, M, M
1943-01-06,70,42,0, M, M
1943-01-07,76,52,0, M, M
1943-01-08,72,62,0.03, M, M
1943-01-09,66,49, T, M, M
1943-01-10,63,43,0, M, M
1943-01-11,62,41,0, M, M
1943-01-12,70,44,0, M, M
1943-01-13,70,51,0.16, M, M
1943-01-14,65,47, T, M, M
1943-01-15,73,45,0, M, M
1943-01-16,74,61,0, M, M
1943-01-17,82,65,0, M, M
1943-01-18,78,64,0.1, M, M
1943-01-19,75,57, T, M, M
1943-01-20,71,43,0, M, M
1943-01-21,74,53,0, M, M
1943-01-22,70,57,0, M, M
1943-01-23,74,54,0, M, M
1943-01-24,71,63,0, M, M
1943-01-25,80,63,0, M, M
1943-01-26,77,62,0, M, M
1943-01-27,77,65,0.03, M, M
1943-01-28,70,59,0.03, M, M
1943-01-29,75,57,0, M, M
1943-01-30,75,56,0, M, M
1943-01-31,76,48,0, M, M
1943-02-01,76,53,0, M, M
1943-02-02,78,52,0, M, M
1943-02-03,79,53,0, M, M
1943-02-04,79,62,0, M, M
1943-02-05,77,64,0, M, M
1943-02-06,74,60,0.53, M, M
1943-02-07,62,48,0, M, M
1943-02-08,73,48,0, M, M
1943-02-09,73,50,0, M, M
1943-02-10,75,57,0, M, M
1943-02-11,68,48,0.14, M, M
1943-02-12,63,39,0, M, M
1943-02-13,65,42,0, M, M
1943-02-14,59,45,0, M, M
1943-02-15,54,31,0, M, M
1943-02-16,59,38,0, M, M
1943-02-17,68,37,0, M, M
1943-02-18,70,46,0, M, M
1943-02-19,74,47,0, M, M
1943-02-20,74,52,0, M, M
1943-02-21,74,52,0, M, M
1943-02-22,61,56,0.56, M, M
1943-02-23,73,57,0.01, M, M
1943-02-24,75,55,0, M, M
1943-02-25,74,55,0, M, M
1943-02-26,74,58,0, M, M
1943-02-27,60,44,0, M, M
1943-02-28,67,40,0, M, M
1943-03-01,70,49,0, M, M
1943-03-02,75,60,0.65, M, M
1943-03-03,65,44,0.04, M, M
1943-03-04,62,31,0, M, M
1943-03-05,73,48,0, M, M
1943-03-06,69,61,1.35, M, M
1943-03-07,67,53,1.04, M, M
1943-03-08,70,43,0, M, M
1943-03-09,74,56, T, M, M
1943-03-10,77,56,0, M, M
1943-03-11,80,57,0, M, M
1943-03-12,82,59,0, M, M
1943-03-13,81,63,0, M, M
1943-03-14,84,61,0, M, M
1943-03-15,83,63,0, M, M
1943-03-16,83,63,0, M, M
1943-03-17,82,66,0, M, M
1943-03-18,83,67, T, M, M
1943-03-19,84,69,0, M, M
1943-03-20,83,70,0, M, M
1943-03-21,79,65,0.25, M, M
1943-03-22,66,50,0, M, M
1943-03-23,65,43,0, M, M
1943-03-24,73,46,0, M, M
1943-03-25,76,55,0, M, M
1943-03-26,75,62,0.16, M, M
1943-03-27,78,63,0.26, M, M
1943-03-28,75,60,0, M, M
1943-03-29,78,58,0, M, M
1943-03-30,78,55,0, M, M
1943-03-31,79,59,0, M, M
1943-04-01,83,60,0, M, M
1943-04-02,82,61,0, M, M
1943-04-03,82,58,0, M, M
1943-04-04,74,52,0, M, M
1943-04-05,80,54,0, M, M
1943-04-06,84,62,0, M, M
1943-04-07,81,62,0, M, M
1943-04-08,85,64,0, M, M
1943-04-09,85,66, T, M, M
1943-04-10,85,70,0, M, M
1943-04-11,89,67,0, M, M
1943-04-12,79,69, T, M, M
1943-04-13,76,71,0.03, M, M
1943-04-14,78,61,0, M, M
1943-04-15,70,54,0, M, M
1943-04-16,78,51,0, M, M
1943-04-17,78,63, T, M, M
1943-04-18,76,67,0.72, M, M
1943-04-19,78,67, T, M, M
1943-04-20,77,66, T, M, M
1943-04-21,76,58,0, M, M
1943-04-22,82,53,0, M, M
1943-04-23,77,66, T, M, M
1943-04-24,78,65, T, M, M
1943-04-25,80,57,0, M, M
1943-04-26,86,64,0, M, M
1943-04-27,88,64,0, M, M
1943-04-28,87,67,0, M, M
1943-04-29,88,65,0, M, M
1943-04-30,88,66,0, M, M
1943-05-01,87,68,0, M, M
1943-05-02,86,66,0, M, M
1943-05-03,88,63,0, M, M
1943-05-04,89,66,0, M, M
1943-05-05,88,67,0, M, M
1943-05-06,85,64,0, M, M
1943-05-07,88,63, T, M, M
1943-05-08,89,67, T, M, M
1943-05-09,89,70,0, M, M
1943-05-10,84,71,0.17, M, M
1943-05-11,83,72, T, M, M
1943-05-12,85,73,0.14, M, M
1943-05-13,88,71,0, M, M
1943-05-14,90,69,0, M, M
1943-05-15,91,70,0, M, M
1943-05-16,90,73,0, M, M
1943-05-17,87,67,0.42, M, M
1943-05-18,84,70,0.08, M, M
1943-05-19,89,70,0.62, M, M
1943-05-20,88,71,0.01, M, M
1943-05-21,89,72, T, M, M
1943-05-22,86,74,0.31, M, M
1943-05-23,88,70,0, M, M
1943-05-24,90,74,0, M, M
1943-05-25,83,76,0, M, M
1943-05-26,84,76,0.17, M, M
1943-05-27,91,75,0, M, M
1943-05-28,93,74,0, M, M
1943-05-29,89,74,0.13, M, M
1943-05-30,92,74,0, M, M
1943-05-31,90,77,0, M, M
1943-06-01,92,75,0, M, M
1943-06-02,92,76,0, M, M
1943-06-03,93,77,0, M, M
1943-06-04,94,77,0, M, M
1943-06-05,96,77, T, M, M
1943-06-06,95,74,0.22, M, M
1943-06-07,91,74,0.92, M, M
1943-06-08,91,72,0.87, M, M
1943-06-09,91,72,1.34, M, M
1943-06-10,90,74,0, M, M
1943-06-11,90,78, T, M, M
1943-06-12,92,74,0.22, M, M
1943-06-13,90,74, T, M, M
1943-06-14,92,75,0.42, M, M
1943-06-15,92,74,0, M, M
1943-06-16,92,75,0, M, M
1943-06-17,93,75,0.02, M, M
1943-06-18,92,76,0, M, M
1943-06-19,91,74,0.01, M, M
1943-06-20,93,72,0.35, M, M
1943-06-21,90,73, T, M, M
1943-06-22,90,72,1.59, M, M
1943-06-23,90,71,0, M, M
1943-06-24,90,75,0.01, M, M
1943-06-25,88,73,3.99, M, M
1943-06-26,80,74,0.48, M, M
1943-06-27,80,73,2.08, M, M
1943-06-28,85,74, T, M, M
1943-06-29,86,72, T, M, M
1943-06-30,86,75,0.02, M, M
1943-07-01,91,74,0.09, M, M
1943-07-02,92,73,0, M, M
1943-07-03,90,71,1.77, M, M
1943-07-04,90,73,0.06, M, M
1943-07-05,92,75, T, M, M
1943-07-06,91,75,0.12, M, M
1943-07-07,84,74,1.44, M, M
1943-07-08,86,73,0.02, M, M
1943-07-09,86,74,2.13, M, M
1943-07-10,82,76,0.24, M, M
1943-07-11,90,74,0.22, M, M
1943-07-12,92,74,0.17, M, M
1943-07-13,90,74,0.64, M, M
1943-07-14,89,75,0, M, M
1943-07-15,85,76,0.15, M, M
1943-07-16,86,75,0.02, M, M
1943-07-17,92,75, T, M, M
1943-07-18,92,75,0, M, M
1943-07-19,90,79, T, M, M
1943-07-20,89,75,0.72, M, M
1943-07-21,84,75,0.43, M, M
1943-07-22,88,77,0.38, M, M
1943-07-23,87,69,0.59, M, M
1943-07-24,82,72, T, M, M
1943-07-25,89,75,0.01, M, M
1943-07-26,92,72,1.6, M, M
1943-07-27,91,75,0, M, M
1943-07-28,89,76, T, M, M
1943-07-29,89,77, T, M, M
1943-07-30,89,76,0, M, M
1943-07-31,93,78,0, M, M
1943-08-01,90,77,0, M, M
1943-08-02,83,73,0.49, M, M
1943-08-03,85,74,0.04, M, M
1943-08-04,89,77,0, M, M
1943-08-05,89,77, T, M, M
1943-08-06,90,77,0, M, M
1943-08-07,93,78,0, M, M
1943-08-08,93,77,0, M, M
1943-08-09,91,77, T, M, M
1943-08-10,92,78,0, M, M
1943-08-11,95,77,0.42, M, M
1943-08-12,92,77,0, M, M
1943-08-13,94,78,0, M, M
1943-08-14,87,80, T, M, M
1943-08-15,84,74,1.15, M, M
1943-08-16,91,78, T, M, M
1943-08-17,88,80,0.03, M, M
1943-08-18,88,80,0.5, M, M
1943-08-19,84,74,1.19, M, M
1943-08-20,85,75,0.24, M, M
1943-08-21,86,75, T, M, M
1943-08-22,86,75, T, M, M
1943-08-23,90,74,0, M, M
1943-08-24,91,75,0, M, M
1943-08-25,88,74,0.31, M, M
1943-08-26,90,75,0, M, M
1943-08-27,93,74,0, M, M
1943-08-28,93,76,0, M, M
1943-08-29,92,70,1.83, M, M
1943-08-30,90,76,0.15, M, M
1943-08-31,92,75,0, M, M
1943-09-01,92,76, T, M, M
1943-09-02,89,77,0.01, M, M
1943-09-03,90,75,0, M, M
1943-09-04,91,74,0.31, M, M
1943-09-05,90,74,0.34, M, M
1943-09-06,87,75,0.06, M, M
1943-09-07,83,76, T, M, M
1943-09-08,81,73,2.24, M, M
1943-09-09,85,74,0.73, M, M
1943-09-10,91,74,0.07, M, M
1943-09-11,88,75, T, M, M
1943-09-12,87,74, T, M, M
1943-09-13,88,73, T, M, M
1943-09-14,89,71,0, M, M
1943-09-15,90,74, T, M, M
1943-09-16,91,73,0.3, M, M
1943-09-17,92,75,0.23, M, M
1943-09-18,89,73,0.37, M, M
1943-09-19,90,73,0.38, M, M
1943-09-20,87,76, T, M, M
1943-09-21,89,76,0, M, M
1943-09-22,88,75,0.03, M, M
1943-09-23,88,73,0, M, M
1943-09-24,87,70,0, M, M
1943-09-25,88,72,0, M, M
1943-09-26,86,71,0, M, M
1943-09-27,84,71,0, M, M
1943-09-28,87,72,0, M, M
1943-09-29,86,69,0, M, M
1943-09-30,86,71,0, M, M
1943-10-01,80,71,0.26, M, M
1943-10-02,81,71,0.74, M, M
1943-10-03,86,74,0.01, M, M
1943-10-04,83,72, T, M, M
1943-10-05,83,70, T, M, M
1943-10-06,84,70, T, M, M
1943-10-07,82,72, T, M, M
1943-10-08,84,71,0, M, M
1943-10-09,82,71, T, M, M
1943-10-10,86,67,0, M, M
1943-10-11,83,67,0, M, M
1943-10-12,85,68,0, M, M
1943-10-13,86,68,0, M, M
1943-10-14,87,70,0, M, M
1943-10-15,86,69,0, M, M
1943-10-16,79,58,0.03, M, M
1943-10-17,69,48,0, M, M
1943-10-18,75,50,0, M, M
1943-10-19,80,53,0, M, M
1943-10-20,84,58,0, M, M
1943-10-21,85,62,0, M, M
1943-10-22,85,64,0, M, M
1943-10-23,86,63,0, M, M
1943-10-24,85,65,0, M, M
1943-10-25,83,61,0, M, M
1943-10-26,69,52,0, M, M
1943-10-27,60,52, T, M, M
1943-10-28,70,50, T, M, M
1943-10-29,72,50,0, M, M
1943-10-30,80,52,0, M, M
1943-10-31,85,54,0, M, M
1943-11-01,83,62,0, M, M
1943-11-02,84,64,0, M, M
1943-11-03,78,67,0.01, M, M
1943-11-04,76,66,0.03, M, M
1943-11-05,81,61,0, M, M
1943-11-06,82,58,0, M, M
1943-11-07,84,68, T, M, M
1943-11-08,80,60,0.06, M, M
1943-11-09,63,51, T, M, M
1943-11-10,65,46,0, M, M
1943-11-11,66,42,0, M, M
1943-11-12,75,45,0, M, M
1943-11-13,73,51,0, M, M
1943-11-14,75,51,0, M, M
1943-11-15,79,53,0, M, M
1943-11-16,72,61,0.01, M, M
1943-11-17,65,51, T, M, M
1943-11-18,72,49,0, M, M
1943-11-19,78,57,0, M, M
1943-11-20,79,59,0, M, M
1943-11-21,79,59,0, M, M
1943-11-22,80,56,0, M, M
1943-11-23,77,54,0, M, M
1943-11-24,72,52,0, M, M
1943-11-25,73,51,0, M, M
1943-11-26,76,55,0, M, M
1943-11-27,77,59,0.01, M, M
1943-11-28,78,64,0.13, M, M
1943-11-29,75,61,0.34, M, M
1943-11-30,64,50,0, M, M
1943-12-01,70,45,0, M, M
1943-12-02,76,55,0, M, M
1943-12-03,80,60,0, M, M
1943-12-04,78,60,0, M, M
1943-12-05,81,59,0, M, M
1943-12-06,81,60,0, M, M
1943-12-07,78,60,0, M, M
1943-12-08,81,60,0, M, M
1943-12-09,82,61,0, M, M
1943-12-10,82,61,0, M, M
1943-12-11,79,65, T, M, M
1943-12-12,71,56,0, M, M
1943-12-13,72,53,0, M, M
1943-12-14,73,53, T, M, M
1943-12-15,75,49,0.21, M, M
1943-12-16,53,36,0, M, M
1943-12-17,58,32,0, M, M
1943-12-18,63,38,0, M, M
1943-12-19,60,37,0, M, M
1943-12-20,65,39,0, M, M
1943-12-21,69,40,0, M, M
1943-12-22,70,50,0, M, M
1943-12-23,72,49,0, M, M
1943-12-24,69,52, T, M, M
1943-12-25,72,62,0.08, M, M
1943-12-26,71,63,0.04, M, M
1943-12-27,78,64, T, M, M
1943-12-28,71,64,0.03, M, M
1943-12-29,69,47, T, M, M
1943-12-30,62,45,0, M, M
1943-12-31,65,45,0, M, M
1944-01-01,70,42,0, M, M
1944-01-02,71,52,0.06, M, M
1944-01-03,69,58,0.52, M, M
1944-01-04,62,48,0, M, M
1944-01-05,66,42,0, M, M
1944-01-06,67,47,0, M, M
1944-01-07,67,44,0, M, M
1944-01-08,67,61,0.49, M, M
1944-01-09,62,46,0.09, M, M
1944-01-10,59,43,0, M, M
1944-01-11,68,49,0, M, M
1944-01-12,66,48,0, M, M
1944-01-13,69,52, T, M, M
1944-01-14,71,61, T, M, M
1944-01-15,69,58,0.65, M, M
1944-01-16,61,45, T, M, M
1944-01-17,66,42,0, M, M
1944-01-18,67,50, T, M, M
1944-01-19,63,45,0, M, M
1944-01-20,64,47,0.03, M, M
1944-01-21,65,43,0, M, M
1944-01-22,68,41,0, M, M
1944-01-23,70,46,0, M, M
1944-01-24,76,49,0, M, M
1944-01-25,75,56,0, M, M
1944-01-26,79,56,0, M, M
1944-01-27,79,57,0, M, M
1944-01-28,80,57,0, M, M
1944-01-29,75,57,0, M, M
1944-01-30,76,55,0, M, M
1944-01-31,75,50,0, M, M
1944-02-01,71,50,0, M, M
1944-02-02,75,45,0, M, M
1944-02-03,70,54,0, M, M
1944-02-04,71,54,0.11, M, M
1944-02-05,76,46,0, M, M
1944-02-06,75,55,0, M, M
1944-02-07,75,55,0, M, M
1944-02-08,74,52,0, M, M
1944-02-09,72,60, T, M, M
1944-02-10,76,64, T, M, M
1944-02-11,76,66,0.23, M, M
1944-02-12,66,44,0, M, M
1944-02-13,71,39,0, M, M
1944-02-14,75,60,0.16, M, M
1944-02-15,75,61,0.04, M, M
1944-02-16,80,61, T, M, M
1944-02-17,78,63,0, M, M
1944-02-18,82,64,0, M, M
1944-02-19,83,64,0, M, M
1944-02-20,82,63,0, M, M
1944-02-21,83,60,0, M, M
1944-02-22,82,65,0, M, M
1944-02-23,82,66,0.01, M, M
1944-02-24,80,64, T, M, M
1944-02-25,83,63,0, M, M
1944-02-26,82,57,0, M, M
1944-02-27,83,62,0, M, M
1944-02-28,80,62,0, M, M
1944-02-29,81,61,0.01, M, M
1944-03-01,71,48,0, M, M
1944-03-02,79,48,0, M, M
1944-03-03,78,57,0, M, M
1944-03-04,77,63,0, M, M
1944-03-05,79,67,0, M, M
1944-03-06,81,65,0, M, M
1944-03-07,77,55,1.26, M, M
1944-03-08,65,52,0, M, M
1944-03-09,65,44,0, M, M
1944-03-10,68,51,0, M, M
1944-03-11,67,61,0.52, M, M
1944-03-12,72,64,0.2, M, M
1944-03-13,77,62, T, M, M
1944-03-14,78,55,0, M, M
1944-03-15,78,58,0, M, M
1944-03-16,80,59,0, M, M
1944-03-17,75,63,0, M, M
1944-03-18,79,66,0, M, M
1944-03-19,80,65,0, M, M
1944-03-20,76,64,0.74, M, M
1944-03-21,77,63,0, M, M
1944-03-22,85,64, T, M, M
1944-03-23,79,69,0, M, M
1944-03-24,78,72,0.2, M, M
1944-03-25,82,72,0.01, M, M
1944-03-26,87,70,0, M, M
1944-03-27,85,70,0, M, M
1944-03-28,86,71,0, M, M
1944-03-29,82,70, T, M, M
1944-03-30,77,54,0.84, M, M
1944-03-31,71,53,0.01, M, M
1944-04-01,78,54,0, M, M
1944-04-02,79,65,0.35, M, M
1944-04-03,74,66,0.21, M, M
1944-04-04,68,56, T, M, M
1944-04-05,68,51,0, M, M
1944-04-06,67,45,0, M, M
1944-04-07,76,49,0, M, M
1944-04-08,79,58,0, M, M
1944-04-09,82,68,0.07, M, M
1944-04-10,85,69,0, M, M
1944-04-11,82,72, T, M, M
1944-04-12,80,66, T, M, M
1944-04-13,80,60,0, M, M
1944-04-14,79,59,0, M, M
1944-04-15,81,70,0, M, M
1944-04-16,81,73,0, M, M
1944-04-17,86,74, T, M, M
1944-04-18,87,72,0, M, M
1944-04-19,85,69,0, M, M
1944-04-20,88,72,0, M, M
1944-04-21,90,70,0, M, M
1944-04-22,90,73,0, M, M
1944-04-23,87,71,0.04, M, M
1944-04-24,86,72,0.14, M, M
1944-04-25,88,74, T, M, M
1944-04-26,88,72,0, M, M
1944-04-27,87,76,0, M, M
1944-04-28,86,64, T, M, M
1944-04-29,82,63,0, M, M
1944-04-30,81,60,0, M, M
1944-05-01,82,62,0, M, M
1944-05-02,81,64,0, M, M
1944-05-03,83,64,0, M, M
1944-05-04,84,63,0, M, M
1944-05-05,82,66,0, M, M
1944-05-06,77,64,2.35, M, M
1944-05-07,79,62,0, M, M
1944-05-08,81,60,0, M, M
1944-05-09,85,60, T, M, M
1944-05-10,86,68, T, M, M
1944-05-11,85,66, T, M, M
1944-05-12,86,67, T, M, M
1944-05-13,84,66,0.04, M, M
1944-05-14,87,66, T, M, M
1944-05-15,89,68,0, M, M
1944-05-16,88,68,0, M, M
1944-05-17,89,71,0, M, M
1944-05-18,90,71,0, M, M
1944-05-19,94,71,0.26, M, M
1944-05-20,91,73,0.07, M, M
1944-05-21,90,70,0.19, M, M
1944-05-22,90,70, T, M, M
1944-05-23,90,71,0.04, M, M
1944-05-24,91,70,0.07, M, M
1944-05-25,89,71,0.18, M, M
1944-05-26,88,71,0, M, M
1944-05-27,90,71,0, M, M
1944-05-28,90,73, T, M, M
1944-05-29,90,72,0, M, M
1944-05-30,91,71, T, M, M
1944-05-31,91,71,0, M, M
1944-06-01,90,73,0, M, M
1944-06-02,92,73,0, M, M
1944-06-03,92,78, T, M, M
1944-06-04,94,72,0.27, M, M
1944-06-05,91,71,0.15, M, M
1944-06-06,88,70,0, M, M
1944-06-07,91,75,0, M, M
1944-06-08,90,76, T, M, M
1944-06-09,93,73,0.08, M, M
1944-06-10,87,74,0.02, M, M
1944-06-11,85,73,0.35, M, M
1944-06-12,89,76,0, M, M
1944-06-13,93,76,0, M, M
1944-06-14,92,76,0, M, M
1944-06-15,93,77,0.03, M, M
1944-06-16,95,77,0, M, M
1944-06-17,96,79, T, M, M
1944-06-18,90,72,0.48, M, M
1944-06-19,92,74,0, M, M
1944-06-20,92,80,0, M, M
1944-06-21,94,77, T, M, M
1944-06-22,94,75,0, M, M
1944-06-23,97,75,0, M, M
1944-06-24,95,82,0, M, M
1944-06-25,95,71,0.93, M, M
1944-06-26,90,72,0.96, M, M
1944-06-27,93,72,0.14, M, M
1944-06-28,89,72, T, M, M
1944-06-29,86,71,2.14, M, M
1944-06-30,90,76,0.65, M, M
1944-07-01,90,75,0.11, M, M
1944-07-02,87,78,0.47, M, M
1944-07-03,87,75,0.51, M, M
1944-07-04,88,72,0, M, M
1944-07-05,87,73,0, M, M
1944-07-06,92,73,0, M, M
1944-07-07,91,75, T, M, M
1944-07-08,93,78,0, M, M
1944-07-09,90,77,0, M, M
1944-07-10,93,75,0, M, M
1944-07-11,90,73,0, M, M
1944-07-12,90,72,0.13, M, M
1944-07-13,92,73,0, M, M
1944-07-14,93,74,0.48, M, M
1944-07-15,90,74,0.05, M, M
1944-07-16,91,78,0, M, M
1944-07-17,93,80,0, M, M
1944-07-18,93,77,0, M, M
1944-07-19,93,77, T, M, M
1944-07-20,84,75,0.22, M, M
1944-07-21,89,74,0.09, M, M
1944-07-22,87,75,0.01, M, M
1944-07-23,83,74,0.41, M, M
1944-07-24,86,74,0.25, M, M
1944-07-25,90,73,0, M, M
1944-07-26,89,78,0.02, M, M
1944-07-27,89,78,1.11, M, M
1944-07-28,92,78,0, M, M
1944-07-29,93,78, T, M, M
1944-07-30,91,75,0.14, M, M
1944-07-31,92,74,0.04, M, M
1944-08-01,92,76,0.22, M, M
1944-08-02,85,75,0.07, M, M
1944-08-03,89,73,0.97, M, M
1944-08-04,88,74, T, M, M
1944-08-05,90,74,0, M, M
1944-08-06,91,75,0, M, M
1944-08-07,90,77,0.16, M, M
1944-08-08,86,77,1.23, M, M
1944-08-09,92,75,0, M, M
1944-08-10,90,76, T, M, M
1944-08-11,90,74,0.75, M, M
1944-08-12,88,74,0.1, M, M
1944-08-13,87,74,0, M, M
1944-08-14,92,73,0.03, M, M
1944-08-15,91,74,0.3, M, M
1944-08-16,92,74,0, M, M
1944-08-17,92,76, T, M, M
1944-08-18,93,77,0.44, M, M
1944-08-19,92,77,0, M, M
1944-08-20,91,76, T, M, M
1944-08-21,91,76,0.16, M, M
1944-08-22,90,77,0, M, M
1944-08-23,93,74,0.29, M, M
1944-08-24,92,75, T, M, M
1944-08-25,90,78, T, M, M
1944-08-26,91,79,0, M, M
1944-08-27,92,76,0, M, M
1944-08-28,89,75,0.17, M, M
1944-08-29,89,76,0.6, M, M
1944-08-30,90,74, T, M, M
1944-08-31,90,77, T, M, M
1944-09-01,94,75,0.45, M, M
1944-09-02,92,75,0.04, M, M
1944-09-03,93,78, T, M, M
1944-09-04,93,78, T, M, M
1944-09-05,93,78,0.03, M, M
1944-09-06,93,79,0.26, M, M
1944-09-07,94,77,0, M, M
1944-09-08,92,75,0.43, M, M
1944-09-09,87,75,0, M, M
1944-09-10,93,74,0, M, M
1944-09-11,91,77,0.12, M, M
1944-09-12,93,78,0, M, M
1944-09-13,92,77,0, M, M
1944-09-14,90,76,0, M, M
1944-09-15,89,72,0, M, M
1944-09-16,90,73, T, M, M
1944-09-17,89,73,0.16, M, M
1944-09-18,88,75,0.35, M, M
1944-09-19,91,76,0.03, M, M
1944-09-20,91,75,0.1, M, M
1944-09-21,92,74,0.35, M, M
1944-09-22,91,74, T, M, M
1944-09-23,91,75,0, M, M
1944-09-24,91,74,0.06, M, M
1944-09-25,88,74,0, M, M
1944-09-26,88,71,0, M, M
1944-09-27,90,71,0, M, M
1944-09-28,90,73,0, M, M
1944-09-29,90,76,0, M, M
1944-09-30,90,78,0, M, M
1944-10-01,92,77,0, M, M
1944-10-02,91,73, T, M, M
1944-10-03,90,73,0, M, M
1944-10-04,91,72,0, M, M
1944-10-05,90,72,0, M, M
1944-10-06,90,71, T, M, M
1944-10-07,90,72,0, M, M
1944-10-08,89,74, T, M, M
1944-10-09,85,69,0.01, M, M
1944-10-10,84,63,0, M, M
1944-10-11,81,60,0, M, M
1944-10-12,79,66,0, M, M
1944-10-13,73,58,0.17, M, M
1944-10-14,76,53,0, M, M
1944-10-15,76,60, T, M, M
1944-10-16,77,68, T, M, M
1944-10-17,81,68, T, M, M
1944-10-18,74,70,1.88, M, M
1944-10-19,75,69,3.61, M, M
1944-10-20,78,66,0, M, M
1944-10-21,83,64,0, M, M
1944-10-22,83,62,0, M, M
1944-10-23,82,63,0, M, M
1944-10-24,78,61,0, M, M
1944-10-25,78,57,0, M, M
1944-10-26,82,59,0, M, M
1944-10-27,77,56,0, M, M
1944-10-28,72,54,0, M, M
1944-10-29,78,57,0, M, M
1944-10-30,80,56,0, M, M
1944-10-31,82,60,0, M, M
1944-11-01,81,63,0, M, M
1944-11-02,81,62,0, M, M
1944-11-03,82,64,0, M, M
1944-11-04,82,65,0, M, M
1944-11-05,78,61,0, M, M
1944-11-06,77,58,0, M, M
1944-11-07,77,53,0, M, M
1944-11-08,79,57,0, M, M
1944-11-09,79,62,0, M, M
1944-11-10,75,60,0.08, M, M
1944-11-11,73,55,0, M, M
1944-11-12,78,55,0, M, M
1944-11-13,78,58,0, M, M
1944-11-14,81,59,0, M, M
1944-11-15,79,58,0, M, M
1944-11-16,77,60,0, M, M
1944-11-17,80,62,0, M, M
1944-11-18,75,57,0, M, M
1944-11-19,80,58,0, M, M
1944-11-20,73,62,0.56, M, M
1944-11-21,62,48, T, M, M
1944-11-22,60,43,0, M, M
1944-11-23,67,54,0, M, M
1944-11-24,73,53,0, M, M
1944-11-25,73,52,0, M, M
1944-11-26,76,58,0, M, M
1944-11-27,74,62, T, M, M
1944-11-28,76,65,0.01, M, M
1944-11-29,76,55,0.05, M, M
1944-11-30,63,45,0, M, M
1944-12-01,64,41,0, M, M
1944-12-02,61,41,0, M, M
1944-12-03,64,39,0, M, M
1944-12-04,64,42,0, M, M
1944-12-05,70,44,0, M, M
1944-12-06,73,52,0, M, M
1944-12-07,67,56,0.16, M, M
1944-12-08,63,51, T, M, M
1944-12-09,64,45,0, M, M
1944-12-10,68,47,0, M, M
1944-12-11,65,49,0.03, M, M
1944-12-12,55,41,0, M, M
1944-12-13,57,40,0, M, M
1944-12-14,56,39,0.01, M, M
1944-12-15,59,33,0, M, M
1944-12-16,67,38,0, M, M
1944-12-17,70,44,0, M, M
1944-12-18,69,47,0, M, M
1944-12-19,67,46, T, M, M
1944-12-20,69,39,0, M, M
1944-12-21,72,48, T, M, M
1944-12-22,75,54,0, M, M
1944-12-23,81,55,0, M, M
1944-12-24,73,59, T, M, M
1944-12-25,80,61,0, M, M
1944-12-26,80,60,0, M, M
1944-12-27,76,58,0, M, M
1944-12-28,79,56,0, M, M
1944-12-29,80,59,0, M, M
1944-12-30,80,58,0, M, M
1944-12-31,76,60,0, M, M
1945-01-01,70,50,0.13, M, M
1945-01-02,59,43,0, M, M
1945-01-03,67,48,0.13, M, M
1945-01-04,70,56,0.02, M, M
1945-01-05,70,50,0, M, M
1945-01-06,70,50,0, M, M
1945-01-07,72,62,2.92, M, M
1945-01-08,66,54,0.57, M, M
1945-01-09,64,50,0.1, M, M
1945-01-10,57,43,0, M, M
1945-01-11,65,43,0, M, M
1945-01-12,72,44,0, M, M
1945-01-13,68,49, T, M, M
1945-01-14,68,50,0, M, M
1945-01-15,70,50,0, M, M
1945-01-16,64,48,0, M, M
1945-01-17,66,41,0, M, M
1945-01-18,69,49, T, M, M
1945-01-19,69,61,0, M, M
1945-01-20,77,56,0, M, M
1945-01-21,75,53,0, M, M
1945-01-22,74,62,0, M, M
1945-01-23,66,52, T, M, M
1945-01-24,65,49,0, M, M
1945-01-25,71,52,0, M, M
1945-01-26,66,55,0.17, M, M
1945-01-27,74,49,0, M, M
1945-01-28,75,54,0, M, M
1945-01-29,70,59, T, M, M
1945-01-30,67,54,0, M, M
1945-01-31,64,48,0.01, M, M
1945-02-01,59,39,0, M, M
1945-02-02,61,36,0, M, M
1945-02-03,67,43,0, M, M
1945-02-04,71,55, T, M, M
1945-02-05,71,58,0, M, M
1945-02-06,71,52,0.01, M, M
1945-02-07,73,51, T, M, M
1945-02-08,63,52, T, M, M
1945-02-09,65,44,0, M, M
1945-02-10,75,48,0, M, M
1945-02-11,75,52,0, M, M
1945-02-12,78,59,0, M, M
1945-02-13,75,64,0.62, M, M
1945-02-14,81,62,0, M, M
1945-02-15,81,58,0, M, M
1945-02-16,82,60,0, M, M
1945-02-17,78,64,0, M, M
1945-02-18,79,65, T, M, M
1945-02-19,74,62,0, M, M
1945-02-20,83,62,0, M, M
1945-02-21,80,66,0, M, M
1945-02-22,79,69, T, M, M
1945-02-23,74,60, T, M, M
1945-02-24,76,58, T, M, M
1945-02-25,74,64,0.12, M, M
1945-02-26,78,64,0, M, M
1945-02-27,78,66,0, M, M
1945-02-28,83,65,0, M, M
1945-03-01,82,62,0, M, M
1945-03-02,86,63,0, M, M
1945-03-03,83,67,0, M, M
1945-03-04,81,67,0, M, M
1945-03-05,84,64,0, M, M
1945-03-06,81,67,0, M, M
1945-03-07,84,66,0, M, M
1945-03-08,85,65,0, M, M
1945-03-09,83,65,0, M, M
1945-03-10,81,59,0, M, M
1945-03-11,84,59,0, M, M
1945-03-12,83,64,0, M, M
1945-03-13,79,61,0, M, M
1945-03-14,83,59,0, M, M
1945-03-15,87,65,0, M, M
1945-03-16,91,70,0, M, M
1945-03-17,86,66,0, M, M
1945-03-18,89,65,0, M, M
1945-03-19,86,64,0, M, M
1945-03-20,82,68, T, M, M
1945-03-21,76,63,0.2, M, M
1945-03-22,69,59,0, M, M
1945-03-23,77,53,0, M, M
1945-03-24,81,59,0, M, M
1945-03-25,84,63,0, M, M
1945-03-26,79,64,0, M, M
1945-03-27,84,67,0, M, M
1945-03-28,85,64,0, M, M
1945-03-29,85,62,0, M, M
1945-03-30,83,65,0, M, M
1945-03-31,84,65,0, M, M
1945-04-01,83,68,0, M, M
1945-04-02,83,69,0, M, M
1945-04-03,88,68,0, M, M
1945-04-04,87,68,0, M, M
1945-04-05,86,69,0, M, M
1945-04-06,85,63,0, M, M
1945-04-07,79,63,0, M, M
1945-04-08,84,61,0, M, M
1945-04-09,85,61,0, M, M
1945-04-10,85,58,0, M, M
1945-04-11,85,57,0, M, M
1945-04-12,86,63,0, M, M
1945-04-13,88,64,0, M, M
1945-04-14,90,65, T, M, M
1945-04-15,86,66, T, M, M
1945-04-16,86,67,0.96, M, M
1945-04-17,84,72,0, M, M
1945-04-18,89,72,0, M, M
1945-04-19,75,67,0.43, M, M
1945-04-20,88,64,0, M, M
1945-04-21,88,67,0, M, M
1945-04-22,83,68,0.01, M, M
1945-04-23,83,70, T, M, M
1945-04-24,84,76,0, M, M
1945-04-25,84,76,0, M, M
1945-04-26,86,76,0, M, M
1945-04-27,90,74,0, M, M
1945-04-28,87,69,0, M, M
1945-04-29,83,68,0.15, M, M
1945-04-30,77,63, T, M, M
1945-05-01,81,58,0, M, M
1945-05-02,82,59,0, M, M
1945-05-03,81,69,0, M, M
1945-05-04,75,65,0.2, M, M
1945-05-05,75,60,0, M, M
1945-05-06,78,57,0, M, M
1945-05-07,83,58,0, M, M
1945-05-08,83,66,0, M, M
1945-05-09,87,68, T, M, M
1945-05-10,84,68,0, M, M
1945-05-11,88,70,0, M, M
1945-05-12,86,70,0, M, M
1945-05-13,87,74,0, M, M
1945-05-14,87,72,0, M, M
1945-05-15,93,69,0.21, M, M
1945-05-16,90,68, T, M, M
1945-05-17,85,71,0.01, M, M
1945-05-18,84,69,0, M, M
1945-05-19,84,64,0, M, M
1945-05-20,90,65,0, M, M
1945-05-21,92,65,0, M, M
1945-05-22,89,70,0, M, M
1945-05-23,90,69,0, M, M
1945-05-24,91,70,0, M, M
1945-05-25,91,68,0, M, M
1945-05-26,91,68,0, M, M
1945-05-27,91,68,0, M, M
1945-05-28,90,70,0, M, M
1945-05-29,89,70,0, M, M
1945-05-30,93,75,0, M, M
1945-05-31,96,76,0, M, M
1945-06-01,96,76,0, M, M
1945-06-02,89,78,0, M, M
1945-06-03,89,78, T, M, M
1945-06-04,92,78,0, M, M
1945-06-05,93,76,0, M, M
1945-06-06,96,74,0, M, M
1945-06-07,92,73,0, M, M
1945-06-08,93,72,0, M, M
1945-06-09,94,76,0, M, M
1945-06-10,93,74,0, M, M
1945-06-11,94,77,0, M, M
1945-06-12,93,76,0, M, M
1945-06-13,93,77, T, M, M
1945-06-14,95,75,0, M, M
1945-06-15,95,74,0.4, M, M
1945-06-16,95,74,0, M, M
1945-06-17,95,72,0.06, M, M
1945-06-18,93,71,1.12, M, M
1945-06-19,89,72,0.12, M, M
1945-06-20,90,71,4.57, M, M
1945-06-21,86,73, T, M, M
1945-06-22,78,73,0.38, M, M
1945-06-23,80,73,9.88, M, M
1945-06-24,81,74,0.63, M, M
1945-06-25,89,76,0, M, M
1945-06-26,86,77,0.75, M, M
1945-06-27,90,78,0, M, M
1945-06-28,91,77,0, M, M
1945-06-29,88,71,0.61, M, M
1945-06-30,89,73, T, M, M
1945-07-01,91,74,0.17, M, M
1945-07-02,88,74,0.33, M, M
1945-07-03,88,75,0.04, M, M
1945-07-04,88,75,0.18, M, M
1945-07-05,90,74, T, M, M
1945-07-06,90,75,0, M, M
1945-07-07,94,76,0, M, M
1945-07-08,93,79,0, M, M
1945-07-09,91,78,0, M, M
1945-07-10,92,78,0, M, M
1945-07-11,92,78,0, M, M
1945-07-12,88,77,0.11, M, M
1945-07-13,87,74,0.16, M, M
1945-07-14,87,73,0.33, M, M
1945-07-15,90,73,0.17, M, M
1945-07-16,88,73,0, M, M
1945-07-17,87,74,0.83, M, M
1945-07-18,92,73,1.51, M, M
1945-07-19,87,73,0.71, M, M
1945-07-20,87,74,0.15, M, M
1945-07-21,89,75,0.02, M, M
1945-07-22,87,75,0.2, M, M
1945-07-23,83,73,1.59, M, M
1945-07-24,80,72,3.76, M, M
1945-07-25,79,73,1.56, M, M
1945-07-26,87,75,0, M, M
1945-07-27,92,73, T, M, M
1945-07-28,88,75,0.16, M, M
1945-07-29,90,76,0, M, M
1945-07-30,90,76,0.25, M, M
1945-07-31,91,76,0, M, M
1945-08-01,93,75,0, M, M
1945-08-02,90,74,0.99, M, M
1945-08-03,85,74,0.02, M, M
1945-08-04,91,75,0, M, M
1945-08-05,92,75, T, M, M
1945-08-06,93,76,0.03, M, M
1945-08-07,93,78,0, M, M
1945-08-08,91,79,0, M, M
1945-08-09,93,74,0.01, M, M
1945-08-10,89,74,0.01, M, M
1945-08-11,92,74,0.57, M, M
1945-08-12,90,73,1.1, M, M
1945-08-13,90,73,0.12, M, M
1945-08-14,89,74,0.82, M, M
1945-08-15,87,75,0, M, M
1945-08-16,89,78,0, M, M
1945-08-17,86,79,0.14, M, M
1945-08-18,81,72,1.26, M, M
1945-08-19,85,75,0.06, M, M
1945-08-20,92,73,2.06, M, M
1945-08-21,92,75, T, M, M
1945-08-22,91,77,0.01, M, M
1945-08-23,85,76,0.64, M, M
1945-08-24,81,75,1.64, M, M
1945-08-25,78,74,1.69, M, M
1945-08-26,89,74,0.14, M, M
1945-08-27,91,74,0, M, M
1945-08-28,89,74,0, M, M
1945-08-29,90,74,0.75, M, M
1945-08-30,91,75,0.1, M, M
1945-08-31,91,75,0.12, M, M
1945-09-01,90,74,0, M, M
1945-09-02,92,70,1.36, M, M
1945-09-03,86,69,0.51, M, M
1945-09-04,83,73, T, M, M
1945-09-05,88,75,0.24, M, M
1945-09-06,86,74,1.78, M, M
1945-09-07,89,73, T, M, M
1945-09-08,91,74,0, M, M
1945-09-09,90,76, T, M, M
1945-09-10,89,76,0.04, M, M
1945-09-11,92,78,0, M, M
1945-09-12,93,76,0, M, M
1945-09-13,87,74,1.37, M, M
1945-09-14,92,75,0.62, M, M
1945-09-15,86,69,1.29, M, M
1945-09-16,82,72,0.21, M, M
1945-09-17,88,75, T, M, M
1945-09-18,90,75,0.16, M, M
1945-09-19,93,75,0, M, M
1945-09-20,92,76,0.19, M, M
1945-09-21,91,75,0, M, M
1945-09-22,89,74,0, M, M
1945-09-23,90,75,0.14, M, M
1945-09-24,90,75, T, M, M
1945-09-25,88,74,0, M, M
1945-09-26,91,75, T, M, M
1945-09-27,88,74, T, M, M
1945-09-28,86,73,0.28, M, M
1945-09-29,90,75, T, M, M
1945-09-30,89,75,0, M, M
1945-10-01,89,73,0.46, M, M
1945-10-02,90,74,0, M, M
1945-10-03,89,74,0, M, M
1945-10-04,88,74,0, M, M
1945-10-05,90,72,0, M, M
1945-10-06,88,74, T, M, M
1945-10-07,88,73,0.5, M, M
1945-10-08,87,71,0, M, M
1945-10-09,86,70,0, M, M
1945-10-10,86,71,0, M, M
1945-10-11,75,67,2.63, M, M
1945-10-12,78,67, T, M, M
1945-10-13,84,67,0, M, M
1945-10-14,87,68,0.02, M, M
1945-10-15,85,67, T, M, M
1945-10-16,73,57,0, M, M
1945-10-17,77,55,0, M, M
1945-10-18,83,61,0, M, M
1945-10-19,85,67,0, M, M
1945-10-20,83,66,0, M, M
1945-10-21,84,63,0, M, M
1945-10-22,83,67,0, M, M
1945-10-23,81,67,0.22, M, M
1945-10-24,78,65,0, M, M
1945-10-25,82,65,0.03, M, M
1945-10-26,78,63,0.15, M, M
1945-10-27,83,60,0, M, M
1945-10-28,82,60,0, M, M
1945-10-29,81,66, T, M, M
1945-10-30,79,69, T, M, M
1945-10-31,82,65,0, M, M
1945-11-01,83,64,0, M, M
1945-11-02,85,64,0, M, M
1945-11-03,83,67,0, M, M
1945-11-04,73,52,0.35, M, M
1945-11-05,67,45,0, M, M
1945-11-06,76,55,0, M, M
1945-11-07,79,58,0, M, M
1945-11-08,82,60,0, M, M
1945-11-09,83,64,0.01, M, M
1945-11-10,84,66,0, M, M
1945-11-11,82,66,0, M, M
1945-11-12,81,69, T, M, M
1945-11-13,80,69,0.03, M, M
1945-11-14,81,67, T, M, M
1945-11-15,67,50,0, M, M
1945-11-16,75,52,0, M, M
1945-11-17,82,61,0, M, M
1945-11-18,80,61,0, M, M
1945-11-19,80,62,0, M, M
1945-11-20,78,59,0, M, M
1945-11-21,80,60,0, M, M
1945-11-22,77,54,0, M, M
1945-11-23,62,43, T, M, M
1945-11-24,58,41,0, M, M
1945-11-25,66,39,0, M, M
1945-11-26,69,48,0, M, M
1945-11-27,77,53,0, M, M
1945-11-28,75,60,0.36, M, M
1945-11-29,66,52,0, M, M
1945-11-30,61,42,0, M, M
1945-12-01,64,43,0, M, M
1945-12-02,72,45,0, M, M
1945-12-03,75,54, T, M, M
1945-12-04,66,57,0.4, M, M
1945-12-05,58,46,0.1, M, M
1945-12-06,60,45,0, M, M
1945-12-07,67,50, T, M, M
1945-12-08,71,51,0, M, M
1945-12-09,71,50,0, M, M
1945-12-10,70,55,0, M, M
1945-12-11,64,44,0, M, M
1945-12-12,66,46,0, M, M
1945-12-13,71,55, T, M, M
1945-12-14,73,62, T, M, M
1945-12-15,68,49,1.2, M, M
1945-12-16,53,39,0, M, M
1945-12-17,55,37, T, M, M
1945-12-18,67,50,0.01, M, M
1945-12-19,66,53,0.95, M, M
1945-12-20,54,44,0, M, M
1945-12-21,62,40,0, M, M
1945-12-22,73,49,0, M, M
1945-12-23,73,52,0, M, M
1945-12-24,70,59,0.02, M, M
1945-12-25,69,61,0.02, M, M
1945-12-26,77,57,0.14, M, M
1945-12-27,75,55,0.02, M, M
1945-12-28,73,60,0.29, M, M
1945-12-29,73,62, T, M, M
1945-12-30,73,62,0.39, M, M
1945-12-31,71,52,0.16, M, M
1946-01-01,59,45,0, M, M
1946-01-02,62,41,0, M, M
1946-01-03,70,47,0, M, M
1946-01-04,74,54,0, M, M
1946-01-05,74,60,0, M, M
1946-01-06,75,65,0, M, M
1946-01-07,76,65,0, M, M
1946-01-08,76,63,0, M, M
1946-01-09,76,62,0, M, M
1946-01-10,76,65,0, M, M
1946-01-11,78,63,0, M, M
1946-01-12,82,62,0, M, M
1946-01-13,74,59,0, M, M
1946-01-14,74,54,0, M, M
1946-01-15,74,66,0.63, M, M
1946-01-16,70,61,0.64, M, M
1946-01-17,61,45,0, M, M
1946-01-18,62,41,0, M, M
1946-01-19,70,44,0, M, M
1946-01-20,71,50,0, M, M
1946-01-21,75,62,0, M, M
1946-01-22,69,53,1.02, M, M
1946-01-23,57,49,0.01, M, M
1946-01-24,67,51, T, M, M
1946-01-25,61,42,0, M, M
1946-01-26,72,44,0, M, M
1946-01-27,72,50,0, M, M
1946-01-28,73,53,0, M, M
1946-01-29,76,50,0, M, M
1946-01-30,81,56,0, M, M
1946-01-31,75,58,0.02, M, M
1946-02-01,64,54,0, M, M
1946-02-02,67,47,0, M, M
1946-02-03,73,47,0, M, M
1946-02-04,75,53,0, M, M
1946-02-05,74,55,0, M, M
1946-02-06,74,59,0.02, M, M
1946-02-07,69,60,0.04, M, M
1946-02-08,80,56,0, M, M
1946-02-09,76,63,0, M, M
1946-02-10,74,60, T, M, M
1946-02-11,69,52,0, M, M
1946-02-12,76,50,0, M, M
1946-02-13,75,59,0, M, M
1946-02-14,75,49,0.18, M, M
1946-02-15,65,42,0, M, M
1946-02-16,75,48, T, M, M
1946-02-17,77,56, T, M, M
1946-02-18,78,61,0, M, M
1946-02-19,74,61,0.85, M, M
1946-02-20,69,56,0, M, M
1946-02-21,71,52,0, M, M
1946-02-22,74,54,0, M, M
1946-02-23,70,57,0, M, M
1946-02-24,68,59,0.05, M, M
1946-02-25,69,47,0, M, M
1946-02-26,73,51,0, M, M
1946-02-27,71,63,1.48, M, M
1946-02-28,69,62,3.14, M, M
1946-03-01,69,58, T, M, M
1946-03-02,71,56,0, M, M
1946-03-03,71,50,0, M, M
1946-03-04,75,54,0, M, M
1946-03-05,77,58,0, M, M
1946-03-06,79,60,0, M, M
1946-03-07,80,60,0, M, M
1946-03-08,77,63,0, M, M
1946-03-09,80,62,0, M, M
1946-03-10,75,56,0, M, M
1946-03-11,70,50,0, M, M
1946-03-12,76,53,0, M, M
1946-03-13,72,63,0.05, M, M
1946-03-14,70,59,1.42, M, M
1946-03-15,81,62,0, M, M
1946-03-16,79,68,0, M, M
1946-03-17,80,66,0, M, M
1946-03-18,77,65,0.5, M, M
1946-03-19,73,60,0, M, M
1946-03-20,70,52, T, M, M
1946-03-21,69,49,0, M, M
1946-03-22,78,55,0, M, M
1946-03-23,82,55,0, M, M
1946-03-24,81,58,0, M, M
1946-03-25,81,62,0, M, M
1946-03-26,81,67,0, M, M
1946-03-27,84,68,0, M, M
1946-03-28,80,61,0.29, M, M
1946-03-29,77,65,0.02, M, M
1946-03-30,80,66,0, M, M
1946-03-31,80,60,0, M, M
1946-04-01,81,59,0, M, M
1946-04-02,84,61,0, M, M
1946-04-03,83,63,0, M, M
1946-04-04,81,64,0, M, M
1946-04-05,84,64,0, M, M
1946-04-06,85,60,0, M, M
1946-04-07,82,60,0, M, M
1946-04-08,82,62,0, M, M
1946-04-09,83,69,0, M, M
1946-04-10,86,69,0, M, M
1946-04-11,85,61,0, M, M
1946-04-12,85,66,0, M, M
1946-04-13,79,55,0, M, M
1946-04-14,82,58,0, M, M
1946-04-15,83,63,0, M, M
1946-04-16,83,65,0, M, M
1946-04-17,76,66,0.37, M, M
1946-04-18,70,60, T, M, M
1946-04-19,83,57,0, M, M
1946-04-20,85,61,0, M, M
1946-04-21,87,63,0, M, M
1946-04-22,85,66,0, M, M
1946-04-23,87,64,0, M, M
1946-04-24,84,70,0, M, M
1946-04-25,79,72, T, M, M
1946-04-26,81,67,0, M, M
1946-04-27,78,57,0, M, M
1946-04-28,83,56,0, M, M
1946-04-29,84,60,0, M, M
1946-04-30,85,62, T, M, M
1946-05-01,86,68,0.21, M, M
1946-05-02,83,69,0.01, M, M
1946-05-03,81,71, T, M, M
1946-05-04,82,71, T, M, M
1946-05-05,87,74,0, M, M
1946-05-06,88,72,0, M, M
1946-05-07,87,72,0.06, M, M
1946-05-08,85,72,0, M, M
1946-05-09,87,67,0, M, M
1946-05-10,90,70,0, M, M
1946-05-11,89,69,0, M, M
1946-05-12,88,74,0, M, M
1946-05-13,89,71,0.04, M, M
1946-05-14,91,70, T, M, M
1946-05-15,89,68,1.34, M, M
1946-05-16,86,71,0.04, M, M
1946-05-17,80,69,0.32, M, M
1946-05-18,85,70,1, M, M
1946-05-19,86,74,0.06, M, M
1946-05-20,86,72, T, M, M
1946-05-21,90,70,0.33, M, M
1946-05-22,86,71,0.14, M, M
1946-05-23,88,70,0, M, M
1946-05-24,90,70,0, M, M
1946-05-25,89,70,0, M, M
1946-05-26,88,73,0, M, M
1946-05-27,86,76,0, M, M
1946-05-28,87,73, T, M, M
1946-05-29,87,71,0, M, M
1946-05-30,88,69,0, M, M
1946-05-31,90,70,0, M, M
1946-06-01,89,73, T, M, M
1946-06-02,85,74,0.63, M, M
1946-06-03,82,75,0.84, M, M
1946-06-04,82,74, T, M, M
1946-06-05,89,70,0, M, M
